{"playerData":{"playerStats":[100.0,1987.0,97.0],"playerPositionAndRotation":[279.0238952636719,1.0799998044967652,615.4286499023438,-0.14038802683353425,0.8449828624725342,0.26959314942359927]}}