{"playerData":{"playerStats":[100.0,1999.0,99.0],"playerPositionAndRotation":[207.35000610351563,1.0799999237060547,685.489990234375,-0.19376236200332642,0.02265915460884571,0.004476545844227076],"inventoryContent":[],"quickSlotsContent":[]}}