{"playerData":{"playerStats":[100.0,1998.0,98.0],"playerPositionAndRotation":[225.20986938476563,1.0799999237060547,672.2422485351563,0.09146738052368164,0.9050312042236328,-0.33254295587539675],"inventoryContent":["Log","Log"],"quickSlotsContent":[]}}