{"playerData":{"playerStats":[100.0,1999.0,99.0],"playerPositionAndRotation":[196.85426330566407,1.0799999237060547,688.1375122070313,-0.00022794495453126729,-0.6524919271469116,-0.00019626958237495273],"inventoryContent":[],"quickSlotsContent":[]}}